operation,n,db_size,mean_s,median_s,std_s,min_s,max_s
enroll,20,101,1.0016233761500188,0.30286100349985645,3.0537345594089302,0.2776251779996528,14.31244914600029
verify,100,101,0.19026230609995765,0.20603265250065306,0.05353809378895614,0.016866899999513407,0.22295720300098765
identify_1N,100,101,0.18927176370003507,0.20447960100045748,0.05326055210623691,0.017945298000995535,0.2257221859999845
